<?xml version="1.0" encoding="UTF-8"?>
		}
<rss version="2.0" xmlns:ror="http://rorweb.com/0.1/" >
<channel>
  <title>ROR Sitemap for https://weather-current.herokuapp.com/</title>
  <link>https://weather-current.herokuapp.com/</link>

<item>
     <link>https://weather-current.herokuapp.com/</link>
     <title>weather-app</title>
     <description>a simple web app to get the current weather.</description>
     <ror:updatePeriod></ror:updatePeriod>
     <ror:sortOrder>0</ror:sortOrder>
     <ror:resourceOf>sitemap</ror:resourceOf>
</item>
</channel>
</rss>
  